Course A,Course B,Course C,Course D,Course E,Course F,Course G,Course H,Course I,Course J,Course K,Course L,Course M,Course N,Course O,Course P,Course Q,Course R,Course S,Course T,Course U,Course V,Course W,Course X,Course Y,Course Z,Course AA,Course BB,Course CC,Course DD,Course EE,Course FF,Course GG,Course HH,Course II,Course JJ,Course KK,Course LL,Course MM,Course NN,Course OO,Course PP,Course QQ,Course RR,Course SS,Course TT,Course UU,Course VV,Course WW,Course XX,Course YY,Course ZZ,Course [[,Course \\,Course ]],Course ^^,Course __,Course ``,Course aa,Course bb
1019 Student 19,1008 Student 8,1246 Student 246,1013 Student 13,1029 Student 29,1090 Student 90,1017 Student 17,1044 Student 44,1036 Student 36,1030 Student 30,1004 Student 4,1136 Student 136,1012 Student 12,1080 Student 80,1082 Student 82,1099 Student 99,1014 Student 14,1042 Student 42,1061 Student 61,1002 Student 2,1101 Student 101,1000 Student 0,1159 Student 159,1129 Student 129,1011 Student 11,1053 Student 53,1124 Student 124,1214 Student 214,1074 Student 74,1162 Student 162,1069 Student 69,1003 Student 3,1056 Student 56,1018 Student 18,1021 Student 21,1009 Student 9,1058 Student 58,1031 Student 31,1037 Student 37,1083 Student 83,1133 Student 133,1127 Student 127,1006 Student 6,1005 Student 5,1049 Student 49,1025 Student 25,1020 Student 20,1039 Student 39,1092 Student 92,1419 Student 419,1022 Student 22,1050 Student 50,1268 Student 268,1023 Student 23,1010 Student 10,1139 Student 139,1119 Student 119,1038 Student 38,1045 Student 45,1001 Student 1
1043 Student 43,1024 Student 24,1290 Student 290,1027 Student 27,1055 Student 55,1135 Student 135,1115 Student 115,1063 Student 63,1078 Student 78,1054 Student 54,1033 Student 33,1203 Student 203,1015 Student 15,1100 Student 100,1192 Student 192,1138 Student 138,1196 Student 196,1171 Student 171,1104 Student 104,1026 Student 26,1131 Student 131,1007 Student 7,1269 Student 269,1197 Student 197,1098 Student 98,1116 Student 116,1187 Student 187,1313 Student 313,1168 Student 168,1287 Student 287,1073 Student 73,1016 Student 16,1059 Student 59,1048 Student 48,1094 Student 94,1121 Student 121,1137 Student 137,1032 Student 32,1040 Student 40,1144 Student 144,1153 Student 153,1173 Student 173,1211 Student 211,1079 Student 79,1062 Student 62,1089 Student 89,1047 Student 47,1213 Student 213,1103 Student 103,1469 Student 469,1066 Student 66,1163 Student 163,1449 Student 449,1028 Student 28,1088 Student 88,1161 Student 161,1193 Student 193,1076 Student 76,1095 Student 95,1034 Student 34
1060 Student 60,1120 Student 120,1338 Student 338,1096 Student 96,1072 Student 72,1176 Student 176,1175 Student 175,1097 Student 97,1109 Student 109,1169 Student 169,1035 Student 35,1230 Student 230,1041 Student 41,1117 Student 117,1221 Student 221,1384 Student 384,1222 Student 222,1216 Student 216,1327 Student 327,1046 Student 46,1165 Student 165,1052 Student 52,1301 Student 301,1253 Student 253,1105 Student 105,1130 Student 130,1190 Student 190,1372 Student 372,1179 Student 179,1330 Student 330,1102 Student 102,1065 Student 65,1339 Student 339,1247 Student 247,1118 Student 118,1132 Student 132,1183 Student 183,1051 Student 51,1155 Student 155,1362 Student 362,1218 Student 218,1263 Student 263,1295 Student 295,1140 Student 140,1114 Student 114,1091 Student 91,1068 Student 68,1260 Student 260,1149 Student 149,1506 Student 506,1077 Student 77,1191 Student 191,1521 Student 521,1070 Student 70,1212 Student 212,1202 Student 202,1233 Student 233,1145 Student 145,1125 Student 125,1057 Student 57
1112 Student 112,1128 Student 128,1342 Student 342,1185 Student 185,1085 Student 85,1177 Student 177,1240 Student 240,1147 Student 147,1111 Student 111,1258 Student 258,1067 Student 67,1256 Student 256,1113 Student 113,1150 Student 150,1323 Student 323,1410 Student 410,1264 Student 264,1235 Student 235,1363 Student 363,1064 Student 64,1174 Student 174,1084 Student 84,1324 Student 324,1266 Student 266,1143 Student 143,1254 Student 254,1215 Student 215,1387 Student 387,1207 Student 207,1396 Student 396,1107 Student 107,1156 Student 156,1397 Student 397,1275 Student 275,1252 Student 252,1151 Student 151,1306 Student 306,1075 Student 75,1245 Student 245,1505 Student 505,1225 Student 225,1383 Student 383,1299 Student 299,1166 Student 166,1229 Student 229,1108 Student 108,1110 Student 110,1293 Student 293,1152 Student 152,1533 Student 533,1194 Student 194,1303 Student 303,1668 Student 668,1343 Student 343,1319 Student 319,1205 Student 205,1237 Student 237,1158 Student 158,1142 Student 142,1123 Student 123
1167 Student 167,1181 Student 181,1355 Student 355,1186 Student 186,1241 Student 241,1188 Student 188,1257 Student 257,1201 Student 201,1184 Student 184,1273 Student 273,1071 Student 71,1379 Student 379,1228 Student 228,1204 Student 204,1407 Student 407,1434 Student 434,1417 Student 417,1311 Student 311,1378 Student 378,1081 Student 81,1267 Student 267,1093 Student 93,1341 Student 341,1309 Student 309,1170 Student 170,1334 Student 334,1454 Student 454,1411 Student 411,1219 Student 219,1447 Student 447,1395 Student 395,1259 Student 259,1474 Student 474,1297 Student 297,1274 Student 274,1231 Student 231,1366 Student 366,1087 Student 87,1281 Student 281,1558 Student 558,1262 Student 262,1437 Student 437,1359 Student 359,1227 Student 227,1251 Student 251,1148 Student 148,1134 Student 134,1314 Student 314,1285 Student 285,1570 Student 570,1243 Student 243,1409 Student 409,1680 Student 680,1350 Student 350,1325 Student 325,1421 Student 421,1412 Student 412,1224 Student 224,1154 Student 154,1178 Student 178
1172 Student 172,1208 Student 208,1358 Student 358,1276 Student 276,1298 Student 298,1234 Student 234,1265 Student 265,1300 Student 300,1242 Student 242,1302 Student 302,1122 Student 122,1473 Student 473,1292 Student 292,1255 Student 255,1507 Student 507,1442 Student 442,1523 Student 523,1317 Student 317,1451 Student 451,1086 Student 86,1280 Student 280,1106 Student 106,1388 Student 388,1462 Student 462,1195 Student 195,1347 Student 347,1467 Student 467,1480 Student 480,1261 Student 261,1532 Student 532,1022 Student 22,1305 Student 305,1683 Student 683,1435 Student 435,1346 Student 346,1296 Student 296,1441 Student 441,1126 Student 126,1398 Student 398,1148 Student 148,1328 Student 328,1498 Student 498,1391 Student 391,1369 Student 369,1289 Student 289,1180 Student 180,1141 Student 141,1394 Student 394,1288 Student 288,1650 Student 650,1336 Student 336,1526 Student 526,1005 Student 5,1360 Student 360,1364 Student 364,1424 Student 424,1497 Student 497,1353 Student 353,1248 Student 248,1210 Student 210
1286 Student 286,1226 Student 226,1406 Student 406,1277 Student 277,1315 Student 315,1236 Student 236,1283 Student 283,1367 Student 367,1351 Student 351,1335 Student 335,1282 Student 282,1504 Student 504,1349 Student 349,1284 Student 284,1551 Student 551,1461 Student 461,1527 Student 527,1402 Student 402,1624 Student 624,1160 Student 160,1432 Student 432,1146 Student 146,1475 Student 475,1472 Student 472,1206 Student 206,1374 Student 374,1483 Student 483,1482 Student 482,1365 Student 365,1601 Student 601,1039 Student 39,1438 Student 438,1687 Student 687,1476 Student 476,1393 Student 393,1331 Student 331,1485 Student 485,1440 Student 440,1479 Student 479,1313 Student 313,1329 Student 329,1519 Student 519,1470 Student 470,1399 Student 399,1344 Student 344,1200 Student 200,1189 Student 189,1522 Student 522,1337 Student 337,1753 Student 753,1448 Student 448,1588 Student 588,1038 Student 38,1549 Student 549,1431 Student 431,1430 Student 430,1518 Student 518,1380 Student 380,1389 Student 389,1238 Student 238
1501 Student 501,1232 Student 232,1413 Student 413,1322 Student 322,1433 Student 433,1239 Student 239,1318 Student 318,1370 Student 370,1487 Student 487,1429 Student 429,1294 Student 294,1620 Student 620,1427 Student 427,1377 Student 377,1574 Student 574,1552 Student 552,1553 Student 553,1403 Student 403,1631 Student 631,1182 Student 182,1460 Student 460,1157 Student 157,1491 Student 491,1543 Student 543,1209 Student 209,1445 Student 445,1503 Student 503,1709 Student 709,1382 Student 382,1617 Student 617,1079 Student 79,1579 Student 579,1731 Student 731,1615 Student 615,1481 Student 481,1373 Student 373,1490 Student 490,1554 Student 554,1603 Student 603,1430 Student 430,1426 Student 426,1568 Student 568,1471 Student 471,1465 Student 465,1356 Student 356,1304 Student 304,1198 Student 198,1548 Student 548,1405 Student 405,1126 Student 126,1459 Student 459,1599 Student 599,1074 Student 74,1589 Student 589,1528 Student 528,1499 Student 499,1547 Student 547,1385 Student 385,1468 Student 468,1272 Student 272
1513 Student 513,1307 Student 307,1488 Student 488,1333 Student 333,1502 Student 502,1250 Student 250,1352 Student 352,1415 Student 415,1508 Student 508,1495 Student 495,1368 Student 368,1726 Student 726,1436 Student 436,1381 Student 381,1644 Student 644,1580 Student 580,1598 Student 598,1446 Student 446,1678 Student 678,1217 Student 217,1478 Student 478,1164 Student 164,1536 Student 536,1557 Student 557,1220 Student 220,1757 Student 757,1616 Student 616,1716 Student 716,1500 Student 500,1010 Student 10,1133 Student 133,1607 Student 607,1003 Student 3,1749 Student 749,1535 Student 535,1422 Student 422,1677 Student 677,1564 Student 564,1752 Student 752,1467 Student 467,1450 Student 450,1694 Student 694,1514 Student 514,1477 Student 477,1444 Student 444,1332 Student 332,1199 Student 199,1573 Student 573,1511 Student 511,1205 Student 205,1489 Student 489,1610 Student 610,1153 Student 153,1671 Student 671,1626 Student 626,1530 Student 530,1561 Student 561,1390 Student 390,1492 Student 492,1375 Student 375
1619 Student 619,1340 Student 340,1590 Student 590,1361 Student 361,1585 Student 585,1278 Student 278,1357 Student 357,1575 Student 575,1566 Student 566,1515 Student 515,1371 Student 371,1739 Student 739,1439 Student 439,1400 Student 400,1733 Student 733,1623 Student 623,1660 Student 660,1453 Student 453,1684 Student 684,1223 Student 223,1484 Student 484,1270 Student 270,1562 Student 562,1638 Student 638,1244 Student 244,1679 Student 679,1775 Student 775,1784 Student 784,1540 Student 540,1123 Student 123,1163 Student 163,1783 Student 783,1025 Student 25,1059 Student 59,1541 Student 541,1542 Student 542,1761 Student 761,1605 Student 605,1057 Student 57,1581 Student 581,1486 Student 486,1781 Student 781,1544 Student 544,1572 Student 572,1545 Student 545,1348 Student 348,1316 Student 316,1699 Student 699,1628 Student 628,1305 Student 305,1688 Student 688,1669 Student 669,1199 Student 199,1703 Student 703,1634 Student 634,1556 Student 556,1565 Student 565,1510 Student 510,1512 Student 512,1414 Student 414
1661 Student 661,1418 Student 418,1591 Student 591,1392 Student 392,1611 Student 611,1308 Student 308,1466 Student 466,1622 Student 622,1612 Student 612,1517 Student 517,1401 Student 401,1732 Student 732,1443 Student 443,1404 Student 404,1754 Student 754,1636 Student 636,1706 Student 706,1516 Student 516,1697 Student 697,1249 Student 249,1555 Student 555,1279 Student 279,1655 Student 655,1750 Student 750,1271 Student 271,1737 Student 737,1091 Student 91,1021 Student 21,1597 Student 597,1158 Student 158,1304 Student 304,1194 Student 194,1047 Student 47,1237 Student 237,1635 Student 635,1602 Student 602,1768 Student 768,1652 Student 652,1142 Student 142,1672 Student 672,1608 Student 608,1114 Student 114,1609 Student 609,1629 Student 629,1563 Student 563,1509 Student 509,1345 Student 345,1375 Student 375,1747 Student 747,1448 Student 448,1742 Student 742,1735 Student 735,1642 Student 642,1744 Student 744,1666 Student 666,1582 Student 582,1586 Student 586,1604 Student 604,1520 Student 520,1550 Student 550
1720 Student 720,1576 Student 576,1595 Student 595,1416 Student 416,1647 Student 647,1354 Student 354,1583 Student 583,1723 Student 723,1653 Student 653,1525 Student 525,1423 Student 423,1785 Student 785,1452 Student 452,1458 Student 458,1756 Student 756,1645 Student 645,1713 Student 713,1529 Student 529,1705 Student 705,1320 Student 320,1567 Student 567,1291 Student 291,1702 Student 702,1578 Student 578,1310 Student 310,1799 Student 799,1245 Student 245,1070 Student 70,1695 Student 695,1275 Student 275,1328 Student 328,1225 Student 225,1068 Student 68,1444 Student 444,1641 Student 641,1665 Student 665,1780 Student 780,1001 Student 1,1145 Student 145,1734 Student 734,1686 Student 686,1224 Student 224,1621 Student 621,1637 Student 637,1640 Student 640,1272 Student 272,1408 Student 408,1397 Student 397,1056 Student 56,1449 Student 449,1782 Student 782,1770 Student 770,1690 Student 690,1779 Student 779,1711 Student 711,1663 Student 663,1790 Student 790,1681 Student 681,1560 Student 560,1654 Student 654
1606 Student 606,1592 Student 592,1712 Student 712,1456 Student 456,1674 Student 674,1420 Student 420,1584 Student 584,1769 Student 769,1656 Student 656,1559 Student 559,1494 Student 494,1721 Student 721,1531 Student 531,1463 Student 463,1758 Student 758,1648 Student 648,1718 Student 718,1571 Student 571,1714 Student 714,1321 Student 321,1649 Student 649,1312 Student 312,1722 Student 722,1748 Student 748,1326 Student 326,1755 Student 755,1281 Student 281,1121 Student 121,1760 Student 760,1356 Student 356,1393 Student 393,1238 Student 238,1118 Student 118,1586 Student 586,1642 Student 642,1672 Student 672,1028 Student 28,1076 Student 76,1166 Student 166,1770 Student 770,1690 Student 690,1260 Student 260,1630 Student 630,1087 Student 87,1692 Student 692,1353 Student 353,1425 Student 425,1398 Student 398,1137 Student 137,1520 Student 520,1786 Student 786,1774 Student 774,1564 Student 564,1788 Student 788,1736 Student 736,1765 Student 765,1793 Student 793,1794 Student 794,1613 Student 613,1689 Student 689
1664 Student 664,1658 Student 658,1792 Student 792,1457 Student 457,1696 Student 696,1538 Student 538,1633 Student 633,1772 Student 772,1698 Student 698,1651 Student 651,1546 Student 546,1673 Student 673,1594 Student 594,1464 Student 464,1771 Student 771,1710 Student 710,1725 Student 725,1670 Student 670,1715 Student 715,1386 Student 386,1724 Student 724,1376 Student 376,1639 Student 639,1676 Student 676,1455 Student 455,1767 Student 767,1288 Student 288,1161 Student 161,1020 Student 20,1441 Student 441,1394 Student 394,1243 Student 243,1180 Student 180,1654 Student 654,1763 Student 763,1691 Student 691,1040 Student 40,1077 Student 77,1396 Student 396,1794 Student 794,1762 Student 762,1314 Student 314,1662 Student 662,1088 Student 88,1708 Student 708,1588 Student 588,1569 Student 569,1512 Student 512,1248 Student 248,1558 Student 558,1787 Student 787,1009 Student 9,null,1791 Student 791,1766 Student 766,1795 Student 795,1798 Student 798,1032 Student 32,1627 Student 627,1707 Student 707
1730 Student 730,1717 Student 717,1745 Student 745,1524 Student 524,1743 Student 743,1539 Student 539,1646 Student 646,1625 Student 625,1740 Student 740,1657 Student 657,1759 Student 759,1701 Student 701,1600 Student 600,1593 Student 593,1777 Student 777,1727 Student 727,1685 Student 685,1719 Student 719,1659 Student 659,1534 Student 534,1632 Student 632,1428 Student 428,1667 Student 667,1496 Student 496,1493 Student 493,1796 Student 796,1331 Student 331,1190 Student 190,1212 Student 212,1547 Student 547,1409 Student 409,1337 Student 337,1343 Student 343,1709 Student 709,1049 Student 49,1741 Student 741,1198 Student 198,1083 Student 83,1470 Student 470,null,1227 Student 227,1359 Student 359,1018 Student 18,1215 Student 215,1734 Student 734,1610 Student 610,1577 Student 577,1630 Student 630,1261 Student 261,1577 Student 577,1092 Student 92,1125 Student 125,null,1031 Student 31,1062 Student 62,1066 Student 66,1034 Student 34,1058 Student 58,1738 Student 738,1728 Student 728
null,null,null,null,null,null,null,null,null,null,null,null,null,null,null,null,null,null,null,null,null,null,null,null,null,null,1435 Student 435,1438 Student 438,1287 Student 287,1561 Student 561,1440 Student 440,1365 Student 365,1366 Student 366,1616 Student 616,1050 Student 50,1162 Student 162,1285 Student 285,1102 Student 102,1511 Student 511,null,1233 Student 233,1490 Student 490,1051 Student 51,1268 Student 268,1773 Student 773,1621 Student 621,1581 Student 581,1681 Student 681,1263 Student 263,null,1262 Student 262,1151 Student 151,null,1107 Student 107,1124 Student 124,1095 Student 95,1149 Student 149,1065 Student 65,1016 Student 16,1729 Student 729
null,null,null,null,null,null,null,null,null,null,null,null,null,null,null,null,null,null,null,null,null,null,null,null,null,null,1476 Student 476,1530 Student 530,1421 Student 421,1582 Student 582,1497 Student 497,1373 Student 373,1505 Student 505,null,1103 Student 103,1168 Student 168,1336 Student 336,1119 Student 119,1518 Student 518,null,1293 Student 293,1492 Student 492,1094 Student 94,1289 Student 289,1023 Student 23,1716 Student 716,1596 Student 596,1683 Student 683,1346 Student 346,null,1295 Student 295,1211 Student 211,null,1189 Student 189,1132 Student 132,1231 Student 231,1247 Student 247,1369 Student 369,1075 Student 75,1789 Student 789
null,null,null,null,null,null,null,null,null,null,null,null,null,null,null,null,null,null,null,null,null,null,null,null,null,null,1652 Student 652,1560 Student 560,1426 Student 426,1605 Student 605,1691 Student 691,1503 Student 503,1604 Student 604,null,1108 Student 108,1173 Student 173,1385 Student 385,1178 Student 178,1548 Student 548,null,1425 Student 425,1601 Student 601,1259 Student 259,1380 Student 380,1045 Student 45,1753 Student 753,1048 Student 48,1695 Student 695,1382 Student 382,null,1329 Student 329,1251 Student 251,null,1316 Student 316,1154 Student 154,1330 Student 330,1296 Student 296,1579 Student 579,1089 Student 89,1006 Student 6
null,null,null,null,null,null,null,null,null,null,null,null,null,null,null,null,null,null,null,null,null,null,null,null,null,null,1677 Student 677,1568 Student 568,1468 Student 468,1641 Student 641,1764 Student 764,1522 Student 522,1742 Student 742,null,1127 Student 127,1193 Student 193,1499 Student 499,1191 Student 191,1554 Student 554,null,1447 Student 447,1671 Student 671,1303 Student 303,1412 Student 412,1069 Student 69,1793 Student 793,1179 Student 179,1707 Student 707,1680 Student 680,null,1332 Student 332,1390 Student 390,null,1408 Student 408,1155 Student 155,1450 Student 450,1362 Student 362,1749 Student 749,1140 Student 140,1037 Student 37
null,null,null,null,null,null,null,null,null,null,null,null,null,null,null,null,null,null,null,null,null,null,null,null,null,null,1728 Student 728,1602 Student 602,1509 Student 509,1729 Student 729,1778 Student 778,1640 Student 640,1763 Student 763,null,1139 Student 139,1202 Student 202,1573 Student 573,1325 Student 325,1599 Student 599,null,1454 Student 454,1692 Student 692,1372 Student 372,1479 Student 479,1073 Student 73,null,1210 Student 210,1535 Student 535,1688 Student 688,null,1399 Student 399,1481 Student 481,null,1545 Student 545,1156 Student 156,1589 Student 589,1480 Student 480,null,1187 Student 187,1110 Student 110
null,null,null,null,null,null,null,null,null,null,null,null,null,null,null,null,null,null,null,null,null,null,null,null,null,null,1736 Student 736,1613 Student 613,1596 Student 596,1760 Student 760,null,1779 Student 779,1781 Student 781,null,1141 Student 141,1213 Student 213,1629 Student 629,1471 Student 471,1609 Student 609,null,1474 Student 474,1744 Student 744,1383 Student 383,1485 Student 485,1134 Student 134,null,1419 Student 419,null,1752 Student 752,null,1615 Student 615,1483 Student 483,null,1628 Student 628,1183 Student 183,1669 Student 669,1482 Student 482,null,1218 Student 218,1152 Student 152
null,null,null,null,null,null,null,null,null,null,null,null,null,null,null,null,null,null,null,null,null,null,null,null,null,null,1746 Student 746,1711 Student 711,1741 Student 741,1700 Student 700,null,null,null,null,1207 Student 207,1214 Student 214,1665 Student 665,1533 Student 533,1774 Student 774,null,1510 Student 510,null,1411 Student 411,1687 Student 687,1144 Student 144,null,1437 Student 437,null,1780 Student 780,null,1662 Student 662,1519 Student 519,null,1686 Student 686,1229 Student 229,1708 Student 708,1540 Student 540,null,1274 Student 274,1200 Student 200
null,null,null,null,null,null,null,null,null,null,null,null,null,null,null,null,null,null,null,null,null,null,null,null,null,null,1751 Student 751,1789 Student 789,1773 Student 773,1704 Student 704,null,null,null,null,1348 Student 348,1219 Student 219,1775 Student 775,1597 Student 597,1786 Student 786,null,1528 Student 528,null,1477 Student 477,1788 Student 788,1299 Student 299,null,1465 Student 465,null,null,null,null,1550 Student 550,null,1747 Student 747,1252 Student 252,1735 Student 735,1556 Student 556,null,1297 Student 297,1319 Student 319
null,null,null,null,null,null,null,null,null,null,null,null,null,null,null,null,null,null,null,null,null,null,null,null,null,null,1587 Student 587,1643 Student 643,1784 Student 784,1682 Student 682,null,null,null,null,1389 Student 389,1306 Student 306,1703 Student 703,1634 Student 634,1787 Student 787,null,1541 Student 541,null,1521 Student 521,null,1364 Student 364,null,1498 Student 498,null,null,null,null,1617 Student 617,null,1765 Student 765,1387 Student 387,null,1635 Student 635,null,1360 Student 360,1339 Student 339
null,null,null,null,null,null,null,null,null,null,null,null,null,null,null,null,null,null,null,null,null,null,null,null,null,null,1797 Student 797,1746 Student 746,1693 Student 693,1693 Student 693,null,null,null,null,1469 Student 469,1345 Student 345,null,1666 Student 666,1790 Student 790,null,1565 Student 565,null,1626 Student 626,null,1431 Student 431,null,1526 Student 526,null,null,null,null,null,null,1783 Student 783,1422 Student 422,null,1663 Student 663,null,1391 Student 391,1344 Student 344
null,null,null,null,null,null,null,null,null,null,null,null,null,null,null,null,null,null,null,null,null,null,null,null,null,null,1776 Student 776,1751 Student 751,1776 Student 776,1675 Student 675,null,null,null,null,1572 Student 572,1489 Student 489,null,1731 Student 731,null,null,1627 Student 627,null,1668 Student 668,null,1532 Student 532,null,1563 Student 563,null,null,null,null,null,null,null,1459 Student 459,null,1738 Student 738,null,1414 Student 414,1350 Student 350
null,null,null,null,null,null,null,null,null,null,null,null,null,null,null,null,null,null,null,null,null,null,null,null,null,null,1537 Student 537,1537 Student 537,1675 Student 675,1764 Student 764,null,null,null,null,1607 Student 607,1514 Student 514,null,null,null,null,1768 Student 768,null,1689 Student 689,null,1542 Student 542,null,1650 Student 650,null,null,null,null,null,null,null,1486 Student 486,null,null,null,1766 Student 766,1395 Student 395
null,null,null,null,null,null,null,null,null,null,null,null,null,null,null,null,null,null,null,null,null,null,null,null,null,null,1614 Student 614,1587 Student 587,1682 Student 682,1778 Student 778,null,null,null,null,1762 Student 762,1549 Student 549,null,null,null,null,null,null,1694 Student 694,null,1544 Student 544,null,1699 Student 699,null,null,null,null,null,null,null,1500 Student 500,null,null,null,null,1405 Student 405
null,null,null,null,null,null,null,null,null,null,null,null,null,null,null,null,null,null,null,null,null,null,null,null,null,null,1618 Student 618,1614 Student 614,1700 Student 700,1797 Student 797,null,null,null,null,1791 Student 791,1761 Student 761,null,null,null,null,null,null,null,null,1569 Student 569,null,1798 Student 798,null,null,null,null,null,null,null,1603 Student 603,null,null,null,null,1424 Student 424
null,null,null,null,null,null,null,null,null,null,null,null,null,null,null,null,null,null,null,null,null,null,null,null,null,null,1643 Student 643,1618 Student 618,1704 Student 704,null,null,null,null,null,1795 Student 795,1782 Student 782,null,null,null,null,null,null,null,null,1570 Student 570,null,1637 Student 637,null,null,null,null,null,null,null,1608 Student 608,null,null,null,null,1506 Student 506
